model,class_name,num_matches,mean_loc_error_xy,median_loc_error_xy,mean_loc_error_xyz,median_loc_error_xyz
YOLO26n,car,940,18.877922344539957,12.414676901870482,18.906366971357134,12.416253788260292
YOLO26n,pedestrian,262,10.373920637579117,3.699366055997899,10.394274812156738,3.7089700371965137
YOLO26s,car,1159,20.033890558305206,13.092365531269982,20.05928383850568,13.092376143836255
YOLO26s,pedestrian,361,12.295152561095906,5.208639405090464,12.319985061272709,5.212525843472828
