model,num_scenes,total_images,total_matches,avg_matches_per_image,mean_loc_error_xy,median_loc_error_xy,mean_loc_error_xyz,median_loc_error_xyz,mean_yolo_time_sec,mean_midas_time_sec,mean_total_time_sec,fps_pipeline
YOLO26n,10,404,1202,2.9712038774233895,12.435207322581904,5.38054380881285,12.466669935465742,5.437818818410378,0.013040355396265173,0.02774443918174312,0.04078479457800829,24.566493485703795
YOLO26s,10,404,1520,3.7593277048155094,14.666023500296841,7.0547724972425305,14.693949933073181,7.056632292062888,0.015091304125452995,0.027247691693553604,0.042338995819006596,23.624252201208186
